<configuration>

    <configurationName>mojaAplikacia</configurationName>

<!--    Assignment-->
    <appender name="ERRORSTOFILE" class="ch.qos.logback.core.rolling.RollingFileAppender">
        <filter class="com.midnightnoon.learn2code.filters.ErrorsFilter"/>
        <file>errorLogs.log</file>
        <rollingPolicy class="ch.qos.logback.core.rolling.TimeBasedRollingPolicy">
            <fileNamePattern>errorLogs-%d{yyyy-ww}.log</fileNamePattern>
        </rollingPolicy>
        <encoder>
            <pattern>%level [%thread] %logger{10} [%file:%line] %msg%n</pattern>
        </encoder>
    </appender>

    <appender name="DEBUGSTOFILE" class="ch.qos.logback.core.rolling.RollingFileAppender">
        <filter class="com.midnightnoon.learn2code.filters.DebugsFilter"/>
        <file>debugLogs.log</file>
        <rollingPolicy class="ch.qos.logback.core.rolling.TimeBasedRollingPolicy">
            <fileNamePattern>debugLogs-%d{yyyy-MM-dd}.log</fileNamePattern>
            <maxHistory>30</maxHistory>
        </rollingPolicy>
        <encoder>
            <pattern>%level [%thread] %logger{10} [%file:%line] %msg%n</pattern>
        </encoder>
    </appender>

    <variable name="userName" value="Matej Novotny"/>

    <appender name="ALLTOFILE" class="ch.qos.logback.core.rolling.RollingFileAppender">
        <file>allLogs.log</file>
        <rollingPolicy class="ch.qos.logback.core.rolling.TimeBasedRollingPolicy">
            <fileNamePattern>allLogs-${userName}-%d{yyyy-MM-dd}.log</fileNamePattern>
        </rollingPolicy>
        <encoder>
            <pattern>%level [%thread] %logger{10} [%file:%line] %msg%n</pattern>
        </encoder>
    </appender>

    <logger name="com.midnightnoon.learn2code" level="DEBUG"/>

    <root level="debug">
        <appender-ref ref="ERRORSTOFILE"/>
        <appender-ref ref="DEBUGSTOFILE"/>
        <appender-ref ref="ALLTOFILE"/>
    </root>

</configuration>